-- phpMyAdmin SQL Dump
-- version 5.2.1
-- https://www.phpmyadmin.net/
--
-- Servidor: 127.0.0.1
-- Tiempo de generación: 19-11-2025 a las 16:17:35
-- Versión del servidor: 10.4.32-MariaDB
-- Versión de PHP: 8.0.30

SET SQL_MODE = "NO_AUTO_VALUE_ON_ZERO";
START TRANSACTION;
SET time_zone = "+00:00";


/*!40101 SET @OLD_CHARACTER_SET_CLIENT=@@CHARACTER_SET_CLIENT */;
/*!40101 SET @OLD_CHARACTER_SET_RESULTS=@@CHARACTER_SET_RESULTS */;
/*!40101 SET @OLD_COLLATION_CONNECTION=@@COLLATION_CONNECTION */;
/*!40101 SET NAMES utf8mb4 */;

--
-- Base de datos: `supermercado`
--

-- --------------------------------------------------------

--
-- Estructura de tabla para la tabla `atencion`
--

CREATE TABLE `atencion` (
  `id` bigint(20) NOT NULL,
  `duracion_segundos` bigint(20) DEFAULT NULL,
  `fecha_fin` datetime(6) DEFAULT NULL,
  `fecha_inicio` datetime(6) DEFAULT NULL,
  `turno_id` bigint(20) NOT NULL,
  `empleado_id` bigint(20) DEFAULT NULL
) ENGINE=InnoDB DEFAULT CHARSET=utf8 COLLATE=utf8_general_ci;

--
-- Volcado de datos para la tabla `atencion`
--

INSERT INTO `atencion` (`id`, `duracion_segundos`, `fecha_fin`, `fecha_inicio`, `turno_id`, `empleado_id`) VALUES
(1, 2, '2025-11-16 17:50:54.000000', '2025-11-16 17:50:52.000000', 3, 1),
(2, 2, '2025-11-16 17:50:58.000000', '2025-11-16 17:50:56.000000', 4, 1),
(3, 2, '2025-11-16 17:51:01.000000', '2025-11-16 17:50:59.000000', 6, 1),
(4, 1, '2025-11-16 17:51:04.000000', '2025-11-16 17:51:03.000000', 7, 1),
(5, 1, '2025-11-16 17:56:34.000000', '2025-11-16 17:56:33.000000', 9, 1),
(6, 2, '2025-11-16 17:56:37.000000', '2025-11-16 17:56:35.000000', 10, 1),
(7, 2, '2025-11-16 17:56:47.000000', '2025-11-16 17:56:45.000000', 11, 1),
(8, 1, '2025-11-16 17:56:49.000000', '2025-11-16 17:56:48.000000', 12, 1),
(9, 2, '2025-11-16 17:56:52.000000', '2025-11-16 17:56:50.000000', 13, 1),
(10, 1, '2025-11-16 17:57:01.000000', '2025-11-16 17:57:00.000000', 15, 1),
(11, 1, '2025-11-16 17:57:04.000000', '2025-11-16 17:57:03.000000', 16, 1),
(12, 2, '2025-11-16 17:57:07.000000', '2025-11-16 17:57:05.000000', 17, 1),
(13, 3, '2025-11-16 17:57:11.000000', '2025-11-16 17:57:08.000000', 14, 1),
(14, 1, '2025-11-16 17:57:13.000000', '2025-11-16 17:57:12.000000', 18, 1),
(15, 3, '2025-11-16 18:10:48.000000', '2025-11-16 18:10:45.000000', 20, 1),
(16, 2, '2025-11-16 18:10:50.000000', '2025-11-16 18:10:48.000000', 19, 1),
(17, 0, '2025-11-16 18:10:51.000000', '2025-11-16 18:10:51.000000', 21, 1),
(18, 2, '2025-11-16 18:10:56.000000', '2025-11-16 18:10:54.000000', 22, 1),
(19, 1, '2025-11-16 18:10:58.000000', '2025-11-16 18:10:57.000000', 23, 1),
(20, 3, '2025-11-16 18:11:23.000000', '2025-11-16 18:11:20.000000', 25, 1),
(21, 1, '2025-11-16 18:11:25.000000', '2025-11-16 18:11:24.000000', 24, 1),
(22, 1, '2025-11-16 18:16:31.000000', '2025-11-16 18:16:30.000000', 26, 1),
(23, 2, '2025-11-16 18:16:33.000000', '2025-11-16 18:16:31.000000', 27, 1),
(24, 1, '2025-11-16 18:16:38.000000', '2025-11-16 18:16:37.000000', 30, 1),
(25, 4, '2025-11-16 18:16:43.000000', '2025-11-16 18:16:39.000000', 28, 1),
(26, 1, '2025-11-16 18:16:45.000000', '2025-11-16 18:16:44.000000', 29, 1),
(27, 17, '2025-11-16 18:18:50.000000', '2025-11-16 18:18:33.000000', 31, 1),
(28, 2, '2025-11-16 18:20:37.000000', '2025-11-16 18:20:35.000000', 32, 1),
(29, 2, '2025-11-16 18:28:50.000000', '2025-11-16 18:28:48.000000', 36, 1),
(30, 2, '2025-11-16 18:28:54.000000', '2025-11-16 18:28:52.000000', 35, 1),
(31, 1, '2025-11-16 18:28:59.000000', '2025-11-16 18:28:58.000000', 37, 1),
(32, 2, '2025-11-16 18:29:01.000000', '2025-11-16 18:28:59.000000', 39, 1),
(33, 1, '2025-11-16 18:29:03.000000', '2025-11-16 18:29:02.000000', 38, 1),
(34, 1, '2025-11-16 18:29:06.000000', '2025-11-16 18:29:05.000000', 40, 1),
(35, 2, '2025-11-16 18:29:12.000000', '2025-11-16 18:29:10.000000', 43, 1),
(36, 1, '2025-11-16 18:29:14.000000', '2025-11-16 18:29:13.000000', 41, 1),
(37, 1, '2025-11-16 18:29:15.000000', '2025-11-16 18:29:14.000000', 42, 1),
(38, 1, '2025-11-16 18:29:24.000000', '2025-11-16 18:29:23.000000', 44, 1),
(39, 2, '2025-11-16 18:29:26.000000', '2025-11-16 18:29:24.000000', 45, 1),
(40, 1, '2025-11-16 18:29:28.000000', '2025-11-16 18:29:27.000000', 46, 1),
(41, 2, '2025-11-16 18:29:33.000000', '2025-11-16 18:29:31.000000', 48, 1),
(42, 2, '2025-11-16 18:29:36.000000', '2025-11-16 18:29:34.000000', 47, 1),
(43, 1, '2025-11-16 18:29:42.000000', '2025-11-16 18:29:41.000000', 50, 1),
(44, 2, '2025-11-16 18:29:45.000000', '2025-11-16 18:29:43.000000', 51, 1),
(45, 2, '2025-11-16 18:29:48.000000', '2025-11-16 18:29:46.000000', 52, 1),
(46, 1, '2025-11-16 18:29:50.000000', '2025-11-16 18:29:49.000000', 49, 1),
(47, 2, '2025-11-16 18:29:53.000000', '2025-11-16 18:29:51.000000', 53, 1),
(48, 1, '2025-11-16 18:29:59.000000', '2025-11-16 18:29:58.000000', 56, 1),
(49, 1, '2025-11-16 18:30:01.000000', '2025-11-16 18:30:00.000000', 57, 1),
(50, 1, '2025-11-16 18:30:03.000000', '2025-11-16 18:30:02.000000', 58, 1),
(51, 1, '2025-11-16 18:30:05.000000', '2025-11-16 18:30:04.000000', 54, 1),
(52, 1, '2025-11-16 18:30:07.000000', '2025-11-16 18:30:06.000000', 59, 1),
(53, 2, '2025-11-16 18:30:10.000000', '2025-11-16 18:30:08.000000', 55, 1),
(54, 1, '2025-11-16 18:36:46.000000', '2025-11-16 18:36:45.000000', 61, 1),
(55, 1, '2025-11-16 18:36:48.000000', '2025-11-16 18:36:47.000000', 60, 1),
(56, 1, '2025-11-16 18:47:03.000000', '2025-11-16 18:47:02.000000', 62, 1),
(57, 1, '2025-11-16 18:47:05.000000', '2025-11-16 18:47:04.000000', 63, 1),
(58, 2, '2025-11-16 18:57:05.000000', '2025-11-16 18:57:03.000000', 64, 1),
(59, 3, '2025-11-16 18:58:33.000000', '2025-11-16 18:58:30.000000', 65, 1),
(60, 1, '2025-11-16 18:58:37.000000', '2025-11-16 18:58:36.000000', 67, 1),
(61, 2, '2025-11-16 18:58:39.000000', '2025-11-16 18:58:37.000000', 66, 1),
(62, 4, '2025-11-19 09:22:12.000000', '2025-11-19 09:22:08.000000', 69, 1),
(63, 3, '2025-11-19 09:22:17.000000', '2025-11-19 09:22:14.000000', 70, 1),
(64, 1, '2025-11-19 09:22:59.000000', '2025-11-19 09:22:58.000000', 71, 1),
(65, 2, '2025-11-19 09:23:03.000000', '2025-11-19 09:23:01.000000', 72, 1),
(66, 2, '2025-11-19 09:23:06.000000', '2025-11-19 09:23:04.000000', 73, 1),
(67, 3, '2025-11-19 09:23:11.000000', '2025-11-19 09:23:08.000000', 74, 1),
(68, 1, '2025-11-19 09:23:13.000000', '2025-11-19 09:23:12.000000', 75, 1),
(69, 2, '2025-11-19 09:23:22.000000', '2025-11-19 09:23:20.000000', 76, 1),
(70, 2, '2025-11-19 09:23:24.000000', '2025-11-19 09:23:22.000000', 77, 1),
(71, 1, '2025-11-19 09:23:26.000000', '2025-11-19 09:23:25.000000', 78, 1),
(72, 2, '2025-11-19 09:23:29.000000', '2025-11-19 09:23:27.000000', 79, 1),
(73, 1, '2025-11-19 09:23:32.000000', '2025-11-19 09:23:31.000000', 80, 1),
(74, 2, '2025-11-19 09:28:36.000000', '2025-11-19 09:28:34.000000', 81, 1),
(75, 1, '2025-11-19 09:28:38.000000', '2025-11-19 09:28:37.000000', 82, 1),
(76, 1, '2025-11-19 09:28:41.000000', '2025-11-19 09:28:40.000000', 83, 1),
(77, 8, '2025-11-19 09:28:50.000000', '2025-11-19 09:28:42.000000', 85, 1),
(78, 2, '2025-11-19 09:28:53.000000', '2025-11-19 09:28:51.000000', 84, 1),
(79, 229556, '2025-11-19 09:35:05.000000', '2025-11-16 17:49:09.000000', 5, 1),
(80, 229439, '2025-11-19 09:35:05.000000', '2025-11-16 17:51:06.000000', 8, 1),
(81, 227664, '2025-11-19 09:35:05.000000', '2025-11-16 18:20:41.000000', 33, 1),
(82, 227622, '2025-11-19 09:35:05.000000', '2025-11-16 18:21:23.000000', 34, 1),
(83, 39, '2025-11-19 09:35:44.000000', '2025-11-19 09:35:05.000000', 86, 1),
(84, 30, '2025-11-19 09:36:14.000000', '2025-11-19 09:35:44.000000', 88, 1),
(85, 30, '2025-11-19 09:36:44.000000', '2025-11-19 09:36:14.000000', 87, 1),
(86, 2, '2025-11-19 09:38:10.000000', '2025-11-19 09:38:08.000000', 89, 1),
(87, 3, '2025-11-19 09:41:26.000000', '2025-11-19 09:41:23.000000', 90, 1),
(88, 2, '2025-11-19 09:41:32.000000', '2025-11-19 09:41:30.000000', 91, 1),
(89, 1, '2025-11-19 09:41:34.000000', '2025-11-19 09:41:33.000000', 92, 1),
(90, 2, '2025-11-19 09:46:42.000000', '2025-11-19 09:46:40.000000', 93, 1),
(91, 5, '2025-11-19 09:50:08.000000', '2025-11-19 09:50:03.000000', 95, 1),
(92, 2, '2025-11-19 09:50:11.000000', '2025-11-19 09:50:09.000000', 96, 1),
(93, 2, '2025-11-19 09:50:14.000000', '2025-11-19 09:50:12.000000', 97, 1),
(94, 1, '2025-11-19 09:50:16.000000', '2025-11-19 09:50:15.000000', 94, 1),
(95, 1, '2025-11-19 09:50:18.000000', '2025-11-19 09:50:17.000000', 98, 1),
(96, 1, '2025-11-19 09:53:32.000000', '2025-11-19 09:53:31.000000', 100, 1),
(97, 1, '2025-11-19 09:53:37.000000', '2025-11-19 09:53:36.000000', 101, 1),
(98, 1, '2025-11-19 09:53:39.000000', '2025-11-19 09:53:38.000000', 99, 1),
(99, 33, '2025-11-19 09:56:07.000000', '2025-11-19 09:55:34.000000', 102, 1),
(100, 3, '2025-11-19 09:57:39.000000', '2025-11-19 09:57:36.000000', 103, 1),
(101, 2, '2025-11-19 09:57:42.000000', '2025-11-19 09:57:40.000000', 104, 1);

-- --------------------------------------------------------

--
-- Estructura de tabla para la tabla `categoria_prioridad`
--

CREATE TABLE `categoria_prioridad` (
  `id` bigint(20) NOT NULL,
  `descripcion` varchar(150) DEFAULT NULL,
  `nivel` int(11) NOT NULL,
  `nombre` varchar(50) NOT NULL,
  `ratio` int(11) NOT NULL
) ENGINE=InnoDB DEFAULT CHARSET=utf8 COLLATE=utf8_general_ci;

--
-- Volcado de datos para la tabla `categoria_prioridad`
--

INSERT INTO `categoria_prioridad` (`id`, `descripcion`, `nivel`, `nombre`, `ratio`) VALUES
(1, 'Persona con mas de 60 años', 1, 'Adulto Mayor', 3),
(2, 'Cliente regular sin prioridad especial', 2, 'Cliente normal', 1),
(3, 'Mujer en estado de gestación', 1, 'Embarazada', 3);

-- --------------------------------------------------------

--
-- Estructura de tabla para la tabla `empleados`
--

CREATE TABLE `empleados` (
  `id` bigint(20) NOT NULL,
  `cedula` varchar(255) NOT NULL,
  `email_address` varchar(255) NOT NULL,
  `nombre` varchar(255) DEFAULT NULL,
  `rol` enum('CAJERO','SUPERVISOR') DEFAULT NULL,
  `activo` bit(1) DEFAULT NULL
) ENGINE=InnoDB DEFAULT CHARSET=utf8 COLLATE=utf8_general_ci;

--
-- Volcado de datos para la tabla `empleados`
--

INSERT INTO `empleados` (`id`, `cedula`, `email_address`, `nombre`, `rol`, `activo`) VALUES
(1, '1234', 'mariana@gmail.com', 'Mariana', 'CAJERO', b'1'),
(2, '123456', 'julian@gmail.com', 'Julian', 'SUPERVISOR', b'1');

-- --------------------------------------------------------

--
-- Estructura de tabla para la tabla `turnos`
--

CREATE TABLE `turnos` (
  `id` bigint(20) NOT NULL,
  `estado` enum('ESPERA','ATENDIDO','FINALIZADO') NOT NULL,
  `fecha_creacion` datetime(6) DEFAULT NULL,
  `fecha_finalizado` datetime(6) DEFAULT NULL,
  `fecha_llamado` datetime(6) DEFAULT NULL,
  `numero` int(11) NOT NULL,
  `tiempo_espera` bigint(20) DEFAULT NULL,
  `categoria_id` bigint(20) NOT NULL,
  `empleado_id` bigint(20) DEFAULT NULL,
  `veces_saltado` int(11) DEFAULT NULL
) ENGINE=InnoDB DEFAULT CHARSET=utf8 COLLATE=utf8_general_ci;

--
-- Volcado de datos para la tabla `turnos`
--

INSERT INTO `turnos` (`id`, `estado`, `fecha_creacion`, `fecha_finalizado`, `fecha_llamado`, `numero`, `tiempo_espera`, `categoria_id`, `empleado_id`, `veces_saltado`) VALUES
(3, 'FINALIZADO', '2025-11-16 17:49:01.000000', '2025-11-16 17:50:54.000000', '2025-11-16 17:50:52.000000', 1, 111, 2, 1, NULL),
(4, 'FINALIZADO', '2025-11-16 17:49:03.000000', '2025-11-16 17:50:58.000000', '2025-11-16 17:50:56.000000', 2, 113, 3, 1, NULL),
(5, 'FINALIZADO', '2025-11-16 17:49:07.000000', '2025-11-19 09:35:05.000000', '2025-11-16 17:49:09.000000', 3, 2, 1, 1, NULL),
(6, 'FINALIZADO', '2025-11-16 17:49:14.000000', '2025-11-16 17:51:01.000000', '2025-11-16 17:50:59.000000', 4, 105, 2, 1, NULL),
(7, 'FINALIZADO', '2025-11-16 17:49:14.000000', '2025-11-16 17:51:04.000000', '2025-11-16 17:51:03.000000', 5, 109, 3, 1, NULL),
(8, 'FINALIZADO', '2025-11-16 17:51:05.000000', '2025-11-19 09:35:05.000000', '2025-11-16 17:51:06.000000', 6, 1, 2, 1, NULL),
(9, 'FINALIZADO', '2025-11-16 17:51:09.000000', '2025-11-16 17:56:34.000000', '2025-11-16 17:56:33.000000', 7, 324, 3, 1, NULL),
(10, 'FINALIZADO', '2025-11-16 17:54:26.000000', '2025-11-16 17:56:37.000000', '2025-11-16 17:56:35.000000', 1, 129, 3, 1, NULL),
(11, 'FINALIZADO', '2025-11-16 17:56:39.000000', '2025-11-16 17:56:47.000000', '2025-11-16 17:56:45.000000', 2, 6, 3, 1, NULL),
(12, 'FINALIZADO', '2025-11-16 17:56:41.000000', '2025-11-16 17:56:49.000000', '2025-11-16 17:56:48.000000', 3, 7, 2, 1, NULL),
(13, 'FINALIZADO', '2025-11-16 17:56:43.000000', '2025-11-16 17:56:52.000000', '2025-11-16 17:56:50.000000', 4, 7, 3, 1, NULL),
(14, 'FINALIZADO', '2025-11-16 17:56:53.000000', '2025-11-16 17:57:11.000000', '2025-11-16 17:57:08.000000', 5, 15, 2, 1, NULL),
(15, 'FINALIZADO', '2025-11-16 17:56:54.000000', '2025-11-16 17:57:01.000000', '2025-11-16 17:57:00.000000', 6, 6, 1, 1, NULL),
(16, 'FINALIZADO', '2025-11-16 17:56:56.000000', '2025-11-16 17:57:04.000000', '2025-11-16 17:57:03.000000', 7, 7, 1, 1, NULL),
(17, 'FINALIZADO', '2025-11-16 17:56:57.000000', '2025-11-16 17:57:07.000000', '2025-11-16 17:57:05.000000', 8, 8, 1, 1, NULL),
(18, 'FINALIZADO', '2025-11-16 17:56:58.000000', '2025-11-16 17:57:13.000000', '2025-11-16 17:57:12.000000', 9, 14, 1, 1, NULL),
(19, 'FINALIZADO', '2025-11-16 18:10:37.000000', '2025-11-16 18:10:50.000000', '2025-11-16 18:10:48.000000', 1, 11, 3, 1, NULL),
(20, 'FINALIZADO', '2025-11-16 18:10:39.000000', '2025-11-16 18:10:48.000000', '2025-11-16 18:10:45.000000', 2, 6, 1, 1, NULL),
(21, 'FINALIZADO', '2025-11-16 18:10:41.000000', '2025-11-16 18:10:51.000000', '2025-11-16 18:10:51.000000', 3, 10, 2, 1, NULL),
(22, 'FINALIZADO', '2025-11-16 18:10:53.000000', '2025-11-16 18:10:56.000000', '2025-11-16 18:10:54.000000', 4, 1, 2, 1, NULL),
(23, 'FINALIZADO', '2025-11-16 18:10:53.000000', '2025-11-16 18:10:58.000000', '2025-11-16 18:10:57.000000', 5, 4, 3, 1, NULL),
(24, 'FINALIZADO', '2025-11-16 18:11:19.000000', '2025-11-16 18:11:25.000000', '2025-11-16 18:11:24.000000', 6, 5, 2, 1, NULL),
(25, 'FINALIZADO', '2025-11-16 18:11:20.000000', '2025-11-16 18:11:23.000000', '2025-11-16 18:11:20.000000', 7, 0, 1, 1, NULL),
(26, 'FINALIZADO', '2025-11-16 18:16:28.000000', '2025-11-16 18:16:31.000000', '2025-11-16 18:16:30.000000', 1, 2, 3, 1, NULL),
(27, 'FINALIZADO', '2025-11-16 18:16:29.000000', '2025-11-16 18:16:33.000000', '2025-11-16 18:16:31.000000', 2, 2, 2, 1, NULL),
(28, 'FINALIZADO', '2025-11-16 18:16:34.000000', '2025-11-16 18:16:43.000000', '2025-11-16 18:16:39.000000', 3, 5, 2, 1, NULL),
(29, 'FINALIZADO', '2025-11-16 18:16:35.000000', '2025-11-16 18:16:45.000000', '2025-11-16 18:16:44.000000', 4, 9, 3, 1, NULL),
(30, 'FINALIZADO', '2025-11-16 18:16:36.000000', '2025-11-16 18:16:38.000000', '2025-11-16 18:16:37.000000', 5, 1, 1, 1, NULL),
(31, 'FINALIZADO', '2025-11-16 18:18:22.000000', '2025-11-16 18:18:50.000000', '2025-11-16 18:18:33.000000', 1, 11, 2, 1, NULL),
(32, 'FINALIZADO', '2025-11-16 18:18:23.000000', '2025-11-16 18:20:37.000000', '2025-11-16 18:20:35.000000', 2, 132, 3, 1, NULL),
(33, 'FINALIZADO', '2025-11-16 18:20:38.000000', '2025-11-19 09:35:05.000000', '2025-11-16 18:20:41.000000', 1, 3, 2, 1, NULL),
(34, 'FINALIZADO', '2025-11-16 18:20:39.000000', '2025-11-19 09:35:05.000000', '2025-11-16 18:21:23.000000', 2, 44, 3, 1, NULL),
(35, 'FINALIZADO', '2025-11-16 18:21:24.000000', '2025-11-16 18:28:54.000000', '2025-11-16 18:28:52.000000', 3, 448, 2, 1, NULL),
(36, 'FINALIZADO', '2025-11-16 18:21:25.000000', '2025-11-16 18:28:50.000000', '2025-11-16 18:28:48.000000', 4, 443, 1, 1, NULL),
(37, 'FINALIZADO', '2025-11-16 18:28:54.000000', '2025-11-16 18:28:59.000000', '2025-11-16 18:28:58.000000', 1, 4, 3, 1, NULL),
(38, 'FINALIZADO', '2025-11-16 18:28:56.000000', '2025-11-16 18:29:03.000000', '2025-11-16 18:29:02.000000', 2, 6, 2, 1, NULL),
(39, 'FINALIZADO', '2025-11-16 18:28:56.000000', '2025-11-16 18:29:01.000000', '2025-11-16 18:28:59.000000', 3, 3, 1, 1, NULL),
(40, 'FINALIZADO', '2025-11-16 18:29:04.000000', '2025-11-16 18:29:06.000000', '2025-11-16 18:29:05.000000', 4, 1, 2, 1, NULL),
(41, 'FINALIZADO', '2025-11-16 18:29:07.000000', '2025-11-16 18:29:14.000000', '2025-11-16 18:29:13.000000', 5, 6, 2, 1, NULL),
(42, 'FINALIZADO', '2025-11-16 18:29:08.000000', '2025-11-16 18:29:15.000000', '2025-11-16 18:29:14.000000', 6, 6, 2, 1, NULL),
(43, 'FINALIZADO', '2025-11-16 18:29:09.000000', '2025-11-16 18:29:12.000000', '2025-11-16 18:29:10.000000', 7, 1, 3, 1, NULL),
(44, 'FINALIZADO', '2025-11-16 18:29:18.000000', '2025-11-16 18:29:24.000000', '2025-11-16 18:29:23.000000', 8, 5, 3, 1, NULL),
(45, 'FINALIZADO', '2025-11-16 18:29:18.000000', '2025-11-16 18:29:26.000000', '2025-11-16 18:29:24.000000', 9, 6, 1, 1, NULL),
(46, 'FINALIZADO', '2025-11-16 18:29:19.000000', '2025-11-16 18:29:28.000000', '2025-11-16 18:29:27.000000', 10, 8, 1, 1, NULL),
(47, 'FINALIZADO', '2025-11-16 18:29:19.000000', '2025-11-16 18:29:36.000000', '2025-11-16 18:29:34.000000', 11, 15, 2, 1, NULL),
(48, 'FINALIZADO', '2025-11-16 18:29:29.000000', '2025-11-16 18:29:33.000000', '2025-11-16 18:29:31.000000', 12, 2, 3, 1, NULL),
(49, 'FINALIZADO', '2025-11-16 18:29:37.000000', '2025-11-16 18:29:50.000000', '2025-11-16 18:29:49.000000', 13, 12, 2, 1, NULL),
(50, 'FINALIZADO', '2025-11-16 18:29:38.000000', '2025-11-16 18:29:42.000000', '2025-11-16 18:29:41.000000', 14, 3, 3, 1, NULL),
(51, 'FINALIZADO', '2025-11-16 18:29:38.000000', '2025-11-16 18:29:45.000000', '2025-11-16 18:29:43.000000', 15, 5, 3, 1, NULL),
(52, 'FINALIZADO', '2025-11-16 18:29:39.000000', '2025-11-16 18:29:48.000000', '2025-11-16 18:29:46.000000', 16, 7, 3, 1, NULL),
(53, 'FINALIZADO', '2025-11-16 18:29:40.000000', '2025-11-16 18:29:53.000000', '2025-11-16 18:29:51.000000', 17, 11, 3, 1, NULL),
(54, 'FINALIZADO', '2025-11-16 18:29:54.000000', '2025-11-16 18:30:05.000000', '2025-11-16 18:30:04.000000', 18, 10, 2, 1, NULL),
(55, 'FINALIZADO', '2025-11-16 18:29:54.000000', '2025-11-16 18:30:10.000000', '2025-11-16 18:30:08.000000', 19, 14, 2, 1, NULL),
(56, 'FINALIZADO', '2025-11-16 18:29:55.000000', '2025-11-16 18:29:59.000000', '2025-11-16 18:29:58.000000', 20, 3, 3, 1, NULL),
(57, 'FINALIZADO', '2025-11-16 18:29:56.000000', '2025-11-16 18:30:01.000000', '2025-11-16 18:30:00.000000', 21, 4, 3, 1, NULL),
(58, 'FINALIZADO', '2025-11-16 18:29:56.000000', '2025-11-16 18:30:03.000000', '2025-11-16 18:30:02.000000', 22, 6, 3, 1, NULL),
(59, 'FINALIZADO', '2025-11-16 18:29:57.000000', '2025-11-16 18:30:07.000000', '2025-11-16 18:30:06.000000', 23, 9, 3, 1, NULL),
(60, 'FINALIZADO', '2025-11-16 18:36:43.000000', '2025-11-16 18:36:48.000000', '2025-11-16 18:36:47.000000', 1, 4, 2, 1, NULL),
(61, 'FINALIZADO', '2025-11-16 18:36:44.000000', '2025-11-16 18:36:46.000000', '2025-11-16 18:36:45.000000', 2, 1, 3, 1, NULL),
(62, 'FINALIZADO', '2025-11-16 18:46:59.000000', '2025-11-16 18:47:03.000000', '2025-11-16 18:47:02.000000', 1, 3, 1, 1, NULL),
(63, 'FINALIZADO', '2025-11-16 18:47:00.000000', '2025-11-16 18:47:05.000000', '2025-11-16 18:47:04.000000', 2, 4, 2, 1, NULL),
(64, 'FINALIZADO', '2025-11-16 18:53:16.000000', '2025-11-16 18:57:05.000000', '2025-11-16 18:57:03.000000', 3, 227, 1, 1, NULL),
(65, 'FINALIZADO', '2025-11-16 18:58:27.000000', '2025-11-16 18:58:33.000000', '2025-11-16 18:58:30.000000', 4, 3, 1, 1, NULL),
(66, 'FINALIZADO', '2025-11-16 18:58:28.000000', '2025-11-16 18:58:39.000000', '2025-11-16 18:58:37.000000', 5, 9, 2, 1, NULL),
(67, 'FINALIZADO', '2025-11-16 18:58:29.000000', '2025-11-16 18:58:37.000000', '2025-11-16 18:58:36.000000', 6, 7, 3, 1, NULL),
(69, 'FINALIZADO', '2025-11-19 09:21:26.000000', '2025-11-19 09:22:12.000000', '2025-11-19 09:22:08.000000', 2, 42, 3, 1, NULL),
(70, 'FINALIZADO', '2025-11-19 09:21:38.000000', '2025-11-19 09:22:17.000000', '2025-11-19 09:22:14.000000', 3, 36, 1, 1, NULL),
(71, 'FINALIZADO', '2025-11-19 09:22:21.000000', '2025-11-19 09:22:59.000000', '2025-11-19 09:22:58.000000', 4, 37, 3, 1, NULL),
(72, 'FINALIZADO', '2025-11-19 09:22:53.000000', '2025-11-19 09:23:03.000000', '2025-11-19 09:23:01.000000', 5, 8, 1, 1, NULL),
(73, 'FINALIZADO', '2025-11-19 09:22:54.000000', '2025-11-19 09:23:06.000000', '2025-11-19 09:23:04.000000', 6, 10, 3, 1, NULL),
(74, 'FINALIZADO', '2025-11-19 09:22:56.000000', '2025-11-19 09:23:11.000000', '2025-11-19 09:23:08.000000', 7, 12, 1, 1, NULL),
(75, 'FINALIZADO', '2025-11-19 09:22:56.000000', '2025-11-19 09:23:13.000000', '2025-11-19 09:23:12.000000', 8, 16, 2, 1, NULL),
(76, 'FINALIZADO', '2025-11-19 09:23:15.000000', '2025-11-19 09:23:22.000000', '2025-11-19 09:23:20.000000', 9, 5, 1, 1, NULL),
(77, 'FINALIZADO', '2025-11-19 09:23:16.000000', '2025-11-19 09:23:24.000000', '2025-11-19 09:23:22.000000', 10, 6, 1, 1, NULL),
(78, 'FINALIZADO', '2025-11-19 09:23:16.000000', '2025-11-19 09:23:26.000000', '2025-11-19 09:23:25.000000', 11, 9, 1, 1, NULL),
(79, 'FINALIZADO', '2025-11-19 09:23:18.000000', '2025-11-19 09:23:29.000000', '2025-11-19 09:23:27.000000', 12, 9, 1, 1, NULL),
(80, 'FINALIZADO', '2025-11-19 09:23:18.000000', '2025-11-19 09:23:32.000000', '2025-11-19 09:23:31.000000', 13, 13, 2, 1, NULL),
(81, 'FINALIZADO', '2025-11-19 09:28:25.000000', '2025-11-19 09:28:36.000000', '2025-11-19 09:28:34.000000', 1, 9, 1, 1, 0),
(82, 'FINALIZADO', '2025-11-19 09:28:26.000000', '2025-11-19 09:28:38.000000', '2025-11-19 09:28:37.000000', 2, 11, 1, 1, 0),
(83, 'FINALIZADO', '2025-11-19 09:28:27.000000', '2025-11-19 09:28:41.000000', '2025-11-19 09:28:40.000000', 3, 13, 1, 1, 0),
(84, 'FINALIZADO', '2025-11-19 09:28:27.000000', '2025-11-19 09:28:53.000000', '2025-11-19 09:28:51.000000', 4, 24, 1, 1, 0),
(85, 'FINALIZADO', '2025-11-19 09:28:28.000000', '2025-11-19 09:28:50.000000', '2025-11-19 09:28:42.000000', 5, 14, 2, 1, 3),
(86, 'FINALIZADO', '2025-11-19 09:31:04.000000', '2025-11-19 09:35:44.000000', '2025-11-19 09:35:05.000000', 6, 241, 1, 1, 0),
(87, 'FINALIZADO', '2025-11-19 09:35:16.000000', '2025-11-19 09:36:44.000000', '2025-11-19 09:36:14.000000', 1, 58, 2, 1, 1),
(88, 'FINALIZADO', '2025-11-19 09:35:17.000000', '2025-11-19 09:36:14.000000', '2025-11-19 09:35:44.000000', 2, 27, 1, 1, 0),
(89, 'FINALIZADO', '2025-11-19 09:36:56.000000', '2025-11-19 09:38:10.000000', '2025-11-19 09:38:08.000000', 3, 72, 2, 1, 0),
(90, 'FINALIZADO', '2025-11-19 09:38:16.000000', '2025-11-19 09:41:26.000000', '2025-11-19 09:41:23.000000', 4, 187, 1, 1, 0),
(91, 'FINALIZADO', '2025-11-19 09:38:17.000000', '2025-11-19 09:41:32.000000', '2025-11-19 09:41:30.000000', 5, 193, 1, 1, 0),
(92, 'FINALIZADO', '2025-11-19 09:38:18.000000', '2025-11-19 09:41:34.000000', '2025-11-19 09:41:33.000000', 6, 195, 2, 1, 2),
(93, 'FINALIZADO', '2025-11-19 09:41:37.000000', '2025-11-19 09:46:42.000000', '2025-11-19 09:46:40.000000', 1, 303, 1, 1, 0),
(94, 'FINALIZADO', '2025-11-19 09:46:43.000000', '2025-11-19 09:50:16.000000', '2025-11-19 09:50:15.000000', 1, 212, 2, 1, 3),
(95, 'FINALIZADO', '2025-11-19 09:50:00.000000', '2025-11-19 09:50:08.000000', '2025-11-19 09:50:03.000000', 1, 3, 1, 1, 0),
(96, 'FINALIZADO', '2025-11-19 09:50:01.000000', '2025-11-19 09:50:11.000000', '2025-11-19 09:50:09.000000', 2, 8, 1, 1, 0),
(97, 'FINALIZADO', '2025-11-19 09:50:01.000000', '2025-11-19 09:50:14.000000', '2025-11-19 09:50:12.000000', 3, 11, 1, 1, 0),
(98, 'FINALIZADO', '2025-11-19 09:50:02.000000', '2025-11-19 09:50:18.000000', '2025-11-19 09:50:17.000000', 4, 15, 2, 1, 3),
(99, 'FINALIZADO', '2025-11-19 09:53:01.000000', '2025-11-19 09:53:39.000000', '2025-11-19 09:53:38.000000', 5, 37, 2, 1, 2),
(100, 'FINALIZADO', '2025-11-19 09:53:03.000000', '2025-11-19 09:53:32.000000', '2025-11-19 09:53:31.000000', 6, 28, 1, 1, 0),
(101, 'FINALIZADO', '2025-11-19 09:53:03.000000', '2025-11-19 09:53:37.000000', '2025-11-19 09:53:36.000000', 7, 33, 3, 1, 0),
(102, 'FINALIZADO', '2025-11-19 09:55:30.000000', '2025-11-19 09:56:07.000000', '2025-11-19 09:55:34.000000', 8, 4, 1, 1, 0),
(103, 'FINALIZADO', '2025-11-19 09:56:24.000000', '2025-11-19 09:57:39.000000', '2025-11-19 09:57:36.000000', 1, 72, 1, 1, 0),
(104, 'FINALIZADO', '2025-11-19 09:56:25.000000', '2025-11-19 09:57:42.000000', '2025-11-19 09:57:40.000000', 2, 75, 2, 1, 1);

--
-- Índices para tablas volcadas
--

--
-- Indices de la tabla `atencion`
--
ALTER TABLE `atencion`
  ADD PRIMARY KEY (`id`),
  ADD KEY `FKp8dawqyf56065iuahsxavd33j` (`turno_id`),
  ADD KEY `FKil5qw2o7giwo2s6rdbctjrcan` (`empleado_id`);

--
-- Indices de la tabla `categoria_prioridad`
--
ALTER TABLE `categoria_prioridad`
  ADD PRIMARY KEY (`id`);

--
-- Indices de la tabla `empleados`
--
ALTER TABLE `empleados`
  ADD PRIMARY KEY (`id`),
  ADD UNIQUE KEY `UK118xgrj52h71528c8ifdt3mc4` (`email_address`);

--
-- Indices de la tabla `turnos`
--
ALTER TABLE `turnos`
  ADD PRIMARY KEY (`id`),
  ADD KEY `FK5hpttkvkycm70cf33ovb4ebw9` (`categoria_id`),
  ADD KEY `FK4rwtyeqndixegrkfw7ahbgs0h` (`empleado_id`);

--
-- AUTO_INCREMENT de las tablas volcadas
--

--
-- AUTO_INCREMENT de la tabla `atencion`
--
ALTER TABLE `atencion`
  MODIFY `id` bigint(20) NOT NULL AUTO_INCREMENT, AUTO_INCREMENT=102;

--
-- AUTO_INCREMENT de la tabla `categoria_prioridad`
--
ALTER TABLE `categoria_prioridad`
  MODIFY `id` bigint(20) NOT NULL AUTO_INCREMENT, AUTO_INCREMENT=5;

--
-- AUTO_INCREMENT de la tabla `empleados`
--
ALTER TABLE `empleados`
  MODIFY `id` bigint(20) NOT NULL AUTO_INCREMENT, AUTO_INCREMENT=3;

--
-- AUTO_INCREMENT de la tabla `turnos`
--
ALTER TABLE `turnos`
  MODIFY `id` bigint(20) NOT NULL AUTO_INCREMENT, AUTO_INCREMENT=106;

--
-- Restricciones para tablas volcadas
--

--
-- Filtros para la tabla `atencion`
--
ALTER TABLE `atencion`
  ADD CONSTRAINT `FKil5qw2o7giwo2s6rdbctjrcan` FOREIGN KEY (`empleado_id`) REFERENCES `empleados` (`id`),
  ADD CONSTRAINT `FKp8dawqyf56065iuahsxavd33j` FOREIGN KEY (`turno_id`) REFERENCES `turnos` (`id`);

--
-- Filtros para la tabla `turnos`
--
ALTER TABLE `turnos`
  ADD CONSTRAINT `FK4rwtyeqndixegrkfw7ahbgs0h` FOREIGN KEY (`empleado_id`) REFERENCES `empleados` (`id`),
  ADD CONSTRAINT `FK5hpttkvkycm70cf33ovb4ebw9` FOREIGN KEY (`categoria_id`) REFERENCES `categoria_prioridad` (`id`);
COMMIT;

/*!40101 SET CHARACTER_SET_CLIENT=@OLD_CHARACTER_SET_CLIENT */;
/*!40101 SET CHARACTER_SET_RESULTS=@OLD_CHARACTER_SET_RESULTS */;
/*!40101 SET COLLATION_CONNECTION=@OLD_COLLATION_CONNECTION */;
